crop,season,area,ph,n,p,k,temp,rain,yield
maize,kharif,2.31,6.88,138,30,40,26.4,174,4.5
wheat,rabi,4.65,6.53,143,67,47,23.1,10,3.43
wheat,kharif,3.84,6.16,146,57,53,20.9,242,3.93
paddy,kharif,3.48,7.57,97,52,47,29.8,290,4.19
wheat,kharif,3.42,6.87,126,50,63,22.4,217,3.95
paddy,kharif,1.16,6.53,118,69,38,27.0,162,4.1
paddy,kharif,0.75,6.07,139,34,54,28.5,246,4.78
paddy,kharif,0.35,6.27,135,57,40,24.6,126,4.2
paddy,kharif,3.38,6.29,114,69,55,29.4,147,4.18
paddy,kharif,3.67,6.74,95,60,67,29.3,253,4.52
paddy,kharif,3.23,5.66,66,40,45,29.2,127,3.66
pulses,kharif,3.94,6.87,81,56,45,25.0,267,1.2
paddy,kharif,2.98,6.2,66,61,52,28.7,201,4.71
wheat,rabi,2.2,6.61,150,72,65,26.4,10,2.86
pulses,kharif,2.99,5.81,129,56,37,23.0,225,1.87
wheat,rabi,4.7,6.01,46,64,47,20.8,10,2.59
maize,kharif,4.5,6.42,78,34,52,25.8,341,4.64
paddy,kharif,4.6,5.91,81,49,91,25.5,267,3.98
pulses,kharif,1.6,6.42,108,50,66,24.6,101,1.06
pulses,kharif,4.48,6.44,118,79,63,24.8,288,2.16
maize,kharif,1.46,5.89,68,84,85,25.5,169,4.73
pulses,rabi,1.14,6.05,129,54,59,25.5,67,1.77
paddy,kharif,3.45,5.47,108,47,41,25.4,173,4.15
maize,kharif,0.83,6.26,100,75,68,30.0,187,4.25
paddy,kharif,2.86,6.59,77,61,63,35.6,350,3.94
maize,kharif,2.44,6.2,119,78,49,24.0,28,3.93
wheat,rabi,3.09,6.24,83,58,33,17.6,210,2.9
maize,kharif,4.12,7.95,74,54,65,31.2,121,3.6
pulses,rabi,0.99,6.31,105,39,56,25.2,58,1.08
wheat,rabi,2.09,6.68,111,60,49,22.9,32,3.69
wheat,rabi,2.2,6.12,76,77,63,23.4,10,3.11
pulses,kharif,4.05,6.63,111,55,58,25.2,212,2.26
wheat,rabi,2.05,6.59,118,54,33,23.0,178,3.08
paddy,kharif,1.77,6.47,78,54,79,29.7,338,4.89
wheat,rabi,3.33,6.91,101,60,49,25.0,10,3.02
pulses,rabi,0.83,7.09,132,87,70,21.3,34,0.74
maize,kharif,3.05,6.82,89,44,60,22.4,146,4.2
wheat,kharif,2.44,6.65,112,66,84,15.8,152,3.46
paddy,kharif,0.62,6.68,135,51,72,31.2,218,4.59
paddy,kharif,1.95,6.43,105,65,74,24.8,189,4.72
wheat,rabi,4.69,6.6,135,60,79,24.6,107,3.57
pulses,rabi,0.79,7.3,96,61,79,21.2,10,0.3
wheat,rabi,1.65,6.76,118,38,25,22.2,10,3.08
paddy,kharif,5.0,6.17,114,71,63,29.6,143,4.2
maize,kharif,1.15,6.3,125,56,58,28.5,40,3.73
paddy,kharif,4.28,6.16,132,55,62,31.3,306,4.52
paddy,kharif,2.62,7.18,112,47,51,23.6,128,3.67
maize,kharif,4.9,5.81,121,44,67,25.6,53,4.28
paddy,kharif,1.08,5.97,90,66,57,29.0,228,4.77
paddy,kharif,2.97,7.03,100,76,65,27.6,227,4.96
paddy,kharif,0.84,6.58,142,47,64,27.9,225,4.38
paddy,kharif,3.02,5.94,96,55,89,31.3,123,4.09
maize,kharif,3.31,6.59,128,54,75,22.6,200,5.34
wheat,rabi,4.45,6.79,108,57,48,23.3,10,3.12
maize,kharif,0.47,6.36,123,55,74,20.5,173,3.74
pulses,rabi,1.99,6.95,88,37,15,24.4,233,1.67
paddy,kharif,3.5,5.72,101,61,58,30.4,227,4.46
paddy,kharif,4.21,7.31,80,46,80,27.4,312,4.12
paddy,kharif,3.83,6.63,156,54,45,26.7,236,4.15
paddy,kharif,2.55,7.07,38,48,34,25.5,219,3.82
maize,kharif,3.86,6.6,79,70,69,27.2,244,4.82
pulses,kharif,4.57,6.12,79,41,46,25.8,226,1.65
paddy,kharif,1.83,6.87,105,50,68,28.6,84,3.97
paddy,kharif,3.57,6.59,66,80,78,27.2,229,3.67
pulses,rabi,3.95,5.96,131,89,42,23.5,58,1.72
pulses,kharif,3.72,5.67,71,53,52,28.4,219,0.94
wheat,kharif,4.01,7.14,91,50,68,24.3,235,2.94
paddy,kharif,0.72,6.62,67,66,47,24.2,257,4.29
paddy,kharif,3.19,6.28,110,64,50,29.4,157,4.16
maize,kharif,1.34,5.29,158,98,53,20.2,175,4.11
pulses,rabi,0.61,6.76,65,70,90,26.5,13,1.08
wheat,kharif,4.99,5.86,58,62,54,27.5,186,3.49
paddy,kharif,1.17,6.66,83,62,78,27.0,64,3.86
wheat,rabi,4.51,5.65,61,67,52,14.3,102,2.65
paddy,kharif,1.36,6.92,120,95,66,29.2,186,4.71
wheat,kharif,4.97,6.24,96,52,71,26.5,163,3.12
wheat,rabi,0.37,5.37,85,48,25,19.1,10,2.37
paddy,kharif,0.44,5.98,108,75,45,25.3,244,4.25
wheat,kharif,0.21,6.85,78,59,56,18.4,74,3.1
maize,kharif,4.24,6.45,143,25,37,23.2,316,4.78
pulses,kharif,2.41,6.72,111,68,57,26.8,212,2.13
paddy,kharif,0.73,5.38,140,77,44,22.4,207,4.28
wheat,kharif,0.98,6.31,83,60,55,19.0,363,4.09
paddy,kharif,4.1,6.93,129,66,78,29.9,259,4.82
paddy,kharif,1.86,6.54,93,40,85,33.2,308,4.48
wheat,kharif,0.89,5.95,121,60,40,21.8,193,4.07
wheat,kharif,0.81,6.62,111,56,43,21.5,140,3.05
paddy,kharif,3.39,5.61,106,74,75,31.1,203,3.95
wheat,rabi,3.45,7.14,142,58,41,21.0,57,3.05
maize,kharif,2.7,6.25,91,64,53,26.7,221,4.27
paddy,kharif,1.16,5.92,46,32,60,28.1,190,4.32
maize,kharif,3.96,7.28,76,54,48,23.3,173,4.47
maize,kharif,0.31,7.45,111,86,58,26.4,229,5.5
wheat,kharif,2.16,6.98,99,52,73,22.1,222,3.61
paddy,kharif,3.49,5.53,129,45,38,27.8,206,3.98
paddy,kharif,1.09,6.3,92,59,64,25.0,257,4.37
wheat,rabi,1.41,6.39,106,59,63,24.8,10,2.58
paddy,kharif,0.86,7.12,97,22,34,25.5,155,3.71
paddy,kharif,0.97,7.02,89,47,67,23.4,231,4.12
maize,kharif,1.19,6.19,171,56,40,26.2,113,4.28
wheat,kharif,2.36,6.19,139,77,81,23.6,309,3.33
paddy,kharif,4.71,6.56,92,57,88,27.5,233,4.44
paddy,kharif,0.8,6.72,144,84,64,29.8,107,4.28
paddy,kharif,0.77,6.61,136,67,78,28.9,171,4.64
pulses,kharif,3.76,5.64,123,67,42,23.9,309,1.55
wheat,rabi,3.8,6.7,158,61,44,21.7,37,2.88
paddy,kharif,0.5,6.96,111,55,58,28.7,249,4.21
maize,kharif,2.41,6.29,67,66,66,21.4,218,4.51
maize,kharif,0.39,5.8,119,55,52,28.6,318,5.14
maize,kharif,2.14,6.68,133,61,61,28.5,195,4.45
wheat,kharif,0.8,6.67,130,54,71,23.1,101,3.82
maize,kharif,4.33,5.98,79,60,55,25.0,249,4.59
pulses,kharif,1.17,6.81,46,54,27,26.1,199,1.76
pulses,rabi,3.49,6.74,94,59,74,24.3,104,1.57
paddy,kharif,2.81,6.85,113,48,47,26.4,243,4.1
pulses,kharif,3.78,6.4,113,96,39,30.4,211,1.92
paddy,kharif,3.01,6.42,153,53,76,26.1,195,4.2
maize,kharif,4.23,6.46,104,43,56,21.2,126,4.18
wheat,kharif,4.68,7.22,117,57,66,22.2,208,3.43
paddy,kharif,4.2,6.83,101,51,60,30.4,214,4.14
pulses,rabi,2.68,7.29,124,74,78,29.4,89,1.51
maize,kharif,1.9,6.85,69,48,79,28.5,318,4.47
wheat,kharif,0.89,6.54,144,54,65,19.0,236,3.81
wheat,rabi,3.92,6.41,101,86,58,21.3,10,2.79
wheat,kharif,0.65,6.42,148,60,60,21.7,200,4.35
paddy,kharif,1.25,6.23,110,70,67,26.8,281,4.83
paddy,kharif,4.95,6.64,93,70,61,28.0,317,3.81
paddy,kharif,1.26,6.32,102,37,45,25.4,396,4.88
paddy,kharif,0.44,5.93,52,58,45,27.7,71,3.38
paddy,kharif,1.5,6.71,70,72,47,29.9,199,3.83
pulses,rabi,3.3,6.81,105,82,75,25.2,100,2.05
wheat,kharif,3.46,7.24,78,40,52,23.3,191,3.03
paddy,kharif,1.93,6.06,178,64,73,26.5,185,4.31
paddy,kharif,0.72,5.59,42,42,79,27.9,303,4.21
pulses,kharif,0.41,6.76,131,51,68,27.7,156,1.41
wheat,rabi,4.86,6.54,119,48,60,23.7,89,3.75
pulses,kharif,3.03,7.34,94,75,61,24.8,55,1.01
paddy,kharif,2.37,7.26,86,64,49,26.1,261,4.19
paddy,kharif,1.0,7.0,112,71,53,27.9,190,4.05
pulses,kharif,3.41,7.27,153,54,65,24.1,201,1.54
maize,kharif,2.9,6.39,145,27,29,28.4,204,4.72
paddy,kharif,4.42,7.5,134,62,53,26.8,29,3.73
pulses,rabi,4.83,6.17,75,45,60,19.7,89,1.16
wheat,rabi,3.11,7.12,26,54,42,24.4,10,2.54
paddy,kharif,4.4,6.4,121,37,77,25.7,155,4.21
wheat,rabi,0.39,6.98,118,36,58,24.2,10,2.52
pulses,kharif,4.08,7.43,124,69,100,25.4,136,1.64
paddy,kharif,2.77,5.98,179,64,49,30.7,191,4.44
pulses,kharif,4.22,6.68,167,66,54,24.5,167,1.79
wheat,rabi,4.85,6.93,98,65,43,26.0,139,3.41
maize,kharif,4.88,6.7,61,59,65,27.7,214,4.57
pulses,kharif,3.58,5.07,100,57,33,26.3,299,1.19
maize,kharif,2.34,6.16,154,51,66,20.4,348,4.8
wheat,rabi,4.89,7.09,100,56,52,20.3,95,3.13
wheat,rabi,3.2,6.76,97,93,36,25.8,149,3.0
paddy,kharif,2.3,6.99,110,56,56,29.2,312,4.56
maize,kharif,2.29,6.96,129,71,55,23.2,130,3.77
wheat,kharif,2.3,5.02,72,76,50,23.1,88,3.15
wheat,rabi,0.44,7.66,155,55,51,21.0,80,3.06
maize,kharif,2.26,6.44,178,61,86,27.1,277,4.97
paddy,kharif,2.24,6.99,111,40,39,23.7,58,3.61
paddy,kharif,3.21,5.37,104,57,91,23.6,168,4.35
paddy,kharif,2.74,6.56,119,71,47,30.6,90,4.2
paddy,kharif,1.68,6.49,91,43,54,24.7,225,3.91
maize,kharif,2.35,6.22,91,79,64,25.4,239,4.02
maize,kharif,1.71,6.57,112,68,73,20.0,65,4.03
pulses,kharif,3.29,5.53,71,18,56,25.4,166,1.52
paddy,kharif,0.28,5.43,128,68,64,30.9,106,4.5
paddy,kharif,4.01,5.66,82,82,56,30.5,218,4.14
wheat,kharif,4.71,5.61,85,68,65,17.3,142,2.78
wheat,kharif,3.47,6.14,133,72,57,20.8,211,3.45
maize,kharif,1.33,6.18,75,62,70,21.2,202,4.16
maize,kharif,2.02,5.77,72,60,75,19.4,227,4.44
wheat,rabi,4.09,6.15,106,35,24,24.8,10,2.59
wheat,rabi,3.28,6.14,121,66,64,22.7,166,3.21
maize,kharif,0.67,7.13,67,55,80,27.5,215,4.35
maize,kharif,1.48,6.37,108,61,49,27.6,433,4.25
paddy,kharif,0.37,6.79,111,71,77,28.6,290,3.93
paddy,kharif,0.44,7.04,73,47,62,27.9,222,4.53
maize,kharif,2.32,6.5,103,37,67,18.8,251,3.96
wheat,rabi,2.63,7.08,104,49,52,25.8,82,2.8
wheat,rabi,4.02,5.62,132,61,95,18.7,31,3.45
pulses,kharif,0.65,6.61,110,64,49,25.7,72,1.44
paddy,kharif,3.9,5.69,139,65,49,27.2,79,3.6
wheat,rabi,0.47,6.82,93,63,57,24.6,10,2.35
pulses,kharif,3.78,6.59,72,66,53,33.1,60,1.05
pulses,kharif,3.25,5.34,117,88,53,26.8,281,1.74
maize,kharif,1.88,6.82,106,44,61,24.2,157,4.48
paddy,kharif,0.63,5.8,90,88,76,28.3,124,3.88
maize,kharif,3.23,6.45,109,56,38,24.5,273,4.27
paddy,kharif,4.02,6.56,98,82,67,24.1,253,4.19
paddy,kharif,3.87,6.25,136,48,50,26.0,154,4.54
wheat,rabi,3.18,7.63,79,61,42,19.7,10,2.18
wheat,kharif,0.62,6.92,82,102,53,22.2,96,3.72
wheat,kharif,4.65,5.83,116,43,81,24.4,207,2.72
pulses,kharif,2.45,7.05,62,64,75,21.0,199,1.38
maize,kharif,3.72,6.34,100,57,51,24.7,196,4.61
wheat,kharif,2.18,6.55,52,67,59,22.1,276,3.05
paddy,kharif,1.58,6.5,115,53,69,30.8,238,4.5
pulses,kharif,1.18,6.82,83,70,72,30.7,129,1.28
maize,kharif,1.49,5.94,122,68,61,26.7,179,4.98
paddy,kharif,1.79,6.51,136,37,40,21.9,202,3.85
paddy,kharif,1.72,6.18,116,55,70,29.4,144,4.21
maize,kharif,0.95,5.8,129,43,81,29.1,223,4.61
paddy,kharif,4.54,6.31,117,73,51,26.2,104,3.73
wheat,rabi,1.64,7.4,152,35,70,26.3,10,2.8
wheat,rabi,3.13,6.6,63,68,75,19.7,10,2.18
paddy,kharif,1.27,5.72,123,53,43,26.3,285,4.5
paddy,kharif,4.64,5.92,110,62,52,29.3,137,4.27
paddy,kharif,4.28,7.1,18,50,75,27.0,82,3.18
maize,kharif,4.28,7.06,108,42,51,22.9,269,4.66
paddy,kharif,2.43,6.07,148,39,84,27.9,107,3.99
wheat,rabi,4.65,6.55,73,27,54,16.6,10,2.33
paddy,kharif,2.48,6.53,117,33,50,28.6,118,4.46
pulses,kharif,0.76,6.58,90,55,56,23.8,238,1.83
paddy,kharif,2.32,6.9,102,55,61,33.1,92,4.04
paddy,kharif,0.27,7.29,124,62,51,28.1,179,3.98
paddy,kharif,2.67,6.12,85,39,65,29.6,218,4.59
maize,kharif,1.57,6.65,107,52,93,24.6,146,4.55
paddy,kharif,1.81,7.06,107,43,77,29.9,98,4.5
wheat,rabi,0.83,6.58,109,50,68,23.4,41,2.87
paddy,kharif,2.62,5.83,65,68,20,28.6,161,4.32
paddy,kharif,1.65,6.3,113,71,53,31.0,120,4.21
paddy,kharif,1.87,7.46,87,39,45,30.0,239,4.17
paddy,kharif,0.39,5.89,144,102,65,29.7,160,3.86
maize,kharif,3.63,5.78,161,64,65,25.1,186,4.88
paddy,kharif,4.65,6.4,99,38,30,27.2,204,3.88
paddy,kharif,2.05,5.42,82,66,65,24.5,212,4.23
pulses,kharif,2.75,6.19,124,62,69,26.4,265,2.06
maize,kharif,1.68,6.1,55,83,63,20.9,142,4.17
maize,kharif,4.04,7.2,78,48,63,27.2,239,4.75
paddy,kharif,2.09,6.37,111,61,63,30.3,244,4.58
wheat,rabi,1.44,6.49,115,93,52,23.3,125,3.51
pulses,kharif,4.84,6.1,99,63,72,27.0,300,1.92
pulses,rabi,0.75,6.7,88,49,45,28.8,10,1.06
paddy,kharif,3.38,6.08,77,63,69,29.0,135,4.28
wheat,kharif,0.7,7.15,129,69,78,30.4,63,2.58
paddy,kharif,1.9,5.96,101,41,65,28.2,238,4.53
paddy,kharif,3.34,7.56,117,32,44,22.8,201,3.8
paddy,kharif,1.97,6.77,131,46,45,28.1,213,3.9
paddy,kharif,3.21,6.39,85,51,57,28.3,248,4.81
wheat,kharif,4.57,6.72,128,53,71,24.9,303,4.28
wheat,kharif,3.81,6.45,90,37,61,19.7,206,3.25
pulses,kharif,0.37,6.58,127,92,64,27.5,113,1.35
maize,kharif,1.18,5.98,108,58,46,25.1,298,4.35
wheat,kharif,1.64,6.19,62,48,59,25.5,117,2.94
wheat,kharif,2.53,7.02,74,64,63,25.3,244,2.7
paddy,kharif,2.05,6.4,124,71,69,27.4,52,3.9
paddy,kharif,0.52,6.82,137,61,14,24.2,350,4.2
wheat,rabi,2.01,7.05,118,66,65,24.1,222,3.87
paddy,kharif,1.02,7.07,146,53,77,30.8,405,4.36
paddy,kharif,0.31,6.25,83,18,53,29.1,160,4.69
wheat,rabi,4.95,6.63,134,64,80,22.2,79,3.54
paddy,kharif,2.21,7.62,101,66,78,31.4,200,3.36
paddy,kharif,4.39,7.23,115,74,46,23.3,220,4.09
paddy,kharif,3.86,7.88,135,75,72,32.4,184,3.42
paddy,kharif,3.06,6.02,104,49,82,30.2,252,4.66
maize,kharif,4.48,5.91,44,62,64,29.6,325,4.79
pulses,kharif,2.78,7.77,154,76,54,23.4,263,1.38
paddy,kharif,3.87,7.3,99,23,67,25.9,203,4.0
maize,kharif,3.65,5.73,94,70,50,21.2,253,4.63
maize,kharif,4.99,6.85,60,64,46,22.5,164,4.0
wheat,kharif,3.01,6.28,139,64,49,19.4,68,3.29
wheat,rabi,3.46,6.05,157,34,38,25.3,148,3.12
paddy,kharif,2.34,5.34,54,55,83,26.7,208,4.23
paddy,kharif,4.73,6.49,164,37,75,24.9,208,4.46
maize,kharif,0.73,5.66,80,64,74,25.6,205,4.5
wheat,rabi,1.22,6.91,188,54,53,24.3,105,3.3
paddy,kharif,4.71,6.09,97,61,74,26.2,52,3.19
paddy,kharif,4.22,6.42,74,49,48,26.7,305,4.55
wheat,kharif,0.92,6.66,127,46,60,15.9,216,3.69
paddy,kharif,4.8,6.06,116,59,58,27.7,208,4.62
paddy,kharif,1.4,6.61,109,72,49,30.3,139,4.55
wheat,rabi,3.29,5.4,93,78,68,22.7,120,3.23
wheat,rabi,3.78,6.68,137,55,50,27.1,57,3.27
paddy,kharif,2.88,6.51,153,68,34,27.4,342,4.67
maize,kharif,0.57,6.84,107,54,76,24.4,291,4.82
maize,kharif,4.49,6.41,141,47,35,27.8,250,5.01
wheat,rabi,3.4,6.89,108,52,55,28.1,10,2.81
paddy,kharif,4.46,6.28,47,65,54,21.7,267,4.43
maize,kharif,4.53,6.52,149,85,77,23.2,216,4.95
paddy,kharif,1.59,7.64,129,82,62,27.8,230,4.09
wheat,rabi,4.15,6.0,139,58,65,23.4,119,3.39
maize,kharif,4.03,6.81,85,92,67,28.1,71,3.89
pulses,kharif,2.09,5.54,141,51,81,25.7,216,2.12
wheat,rabi,4.5,6.91,70,34,72,20.2,10,2.15
wheat,rabi,2.6,6.97,86,84,49,20.0,162,3.35
wheat,rabi,3.75,7.23,85,59,61,19.0,35,2.72
pulses,kharif,4.4,6.84,146,55,56,28.0,153,1.92
paddy,kharif,4.1,6.02,153,57,84,26.5,223,5.26
paddy,kharif,1.4,6.58,148,47,59,26.2,221,4.26
wheat,rabi,1.91,6.15,99,38,53,22.4,10,2.8
paddy,kharif,1.63,6.85,153,53,67,27.3,229,5.06
wheat,rabi,0.65,6.73,146,56,74,19.9,10,3.14
wheat,rabi,1.28,5.55,71,44,59,20.9,151,3.32
maize,kharif,2.72,6.7,84,72,43,28.5,294,4.69
maize,kharif,4.24,5.07,119,58,59,28.1,194,3.9
wheat,kharif,2.67,6.56,114,75,43,22.5,303,3.33
maize,kharif,3.5,6.31,82,57,87,22.2,106,3.67
maize,kharif,2.98,6.49,97,45,56,33.4,311,4.21
wheat,rabi,1.37,7.01,144,75,52,21.5,99,3.49
paddy,kharif,2.88,6.56,142,42,69,29.0,260,5.03
pulses,kharif,4.91,6.23,136,51,49,20.5,340,1.99
wheat,kharif,3.48,6.38,105,53,99,23.7,162,3.66
wheat,rabi,1.38,6.17,125,75,65,22.3,40,3.18
wheat,kharif,1.74,6.45,86,52,76,24.0,244,3.59
paddy,kharif,0.7,6.37,139,73,45,25.4,208,4.96
wheat,rabi,0.3,5.81,90,54,53,20.4,40,2.65
paddy,kharif,2.84,6.88,135,36,64,30.0,117,4.15
paddy,kharif,4.91,7.46,60,97,46,30.9,277,3.84
wheat,kharif,4.67,6.62,145,61,57,25.3,246,4.02
wheat,kharif,3.58,6.22,91,71,74,21.5,314,4.16
paddy,kharif,3.6,7.29,108,61,54,25.3,82,3.89
wheat,kharif,3.55,5.87,125,82,60,23.7,52,2.87
paddy,kharif,1.37,6.56,42,40,51,25.5,231,4.19
paddy,kharif,4.03,7.07,109,64,67,28.4,168,4.13
paddy,kharif,0.95,6.45,90,50,41,30.9,206,4.03
paddy,kharif,1.56,5.8,140,51,53,28.1,291,4.52
maize,kharif,3.34,6.26,166,59,26,27.1,355,5.43
paddy,kharif,1.36,6.96,88,63,40,26.1,145,4.21
wheat,kharif,2.9,5.82,100,48,73,25.5,284,3.24
paddy,kharif,3.78,7.21,97,48,84,31.8,201,4.05
pulses,kharif,3.55,6.71,131,77,42,28.3,176,1.04
wheat,rabi,2.94,6.77,113,62,89,18.2,37,3.09
paddy,kharif,1.42,5.7,152,49,90,27.9,282,4.58
paddy,kharif,4.64,6.56,119,48,58,26.2,383,4.5
paddy,kharif,3.31,6.63,70,53,63,32.8,217,4.59
wheat,kharif,4.44,7.7,95,48,41,29.0,265,2.95
pulses,kharif,4.12,7.48,63,56,53,20.1,284,1.15
paddy,kharif,0.75,6.32,97,61,74,26.3,149,4.46
pulses,kharif,4.6,5.48,73,82,66,23.7,186,1.32
pulses,rabi,1.14,6.08,118,58,68,22.3,68,1.51
pulses,kharif,1.42,6.08,107,78,58,23.3,160,1.56
paddy,kharif,0.98,6.76,136,81,74,25.2,127,4.17
maize,kharif,4.73,6.28,95,49,55,29.5,215,5.23
paddy,kharif,3.93,6.5,117,66,91,25.5,268,4.67
maize,kharif,3.62,7.13,84,59,34,22.2,283,4.15
paddy,kharif,0.54,6.24,95,71,42,25.3,212,4.51
wheat,kharif,3.52,6.97,86,87,42,26.0,147,3.74
pulses,kharif,0.39,6.89,141,58,60,28.3,210,1.5
paddy,kharif,0.48,7.11,158,71,64,30.2,146,4.28
wheat,rabi,3.56,6.67,115,70,68,22.7,84,3.31
pulses,rabi,3.32,6.83,89,60,50,24.4,10,1.36
maize,kharif,4.0,7.49,104,105,56,26.8,168,4.48
maize,kharif,3.85,7.39,117,64,46,27.3,189,4.23
wheat,rabi,0.74,6.37,66,49,59,23.6,84,3.23
paddy,kharif,4.51,6.06,91,46,42,31.2,255,4.59
pulses,kharif,4.86,6.93,115,69,65,23.0,80,1.04
wheat,kharif,0.41,5.82,80,49,54,17.9,86,2.55
maize,kharif,4.77,6.44,141,40,56,29.1,166,4.39
wheat,kharif,1.75,6.71,99,67,64,25.1,156,3.35
wheat,rabi,2.22,5.99,140,66,40,25.6,218,3.84
pulses,kharif,2.59,5.58,117,51,46,25.8,249,1.29
paddy,kharif,3.08,5.96,136,52,68,31.3,259,4.78
maize,kharif,0.69,6.07,117,63,67,27.0,132,4.02
maize,kharif,2.15,7.07,108,38,74,24.9,227,4.31
paddy,kharif,1.89,6.33,113,43,64,32.8,160,4.26
paddy,kharif,2.61,6.34,85,76,55,27.5,169,3.64
paddy,kharif,1.78,5.45,87,54,86,30.3,155,4.34
paddy,kharif,3.01,5.82,142,53,44,27.3,222,4.23
pulses,rabi,0.37,6.81,123,59,53,26.5,84,2.09
pulses,kharif,4.36,6.76,124,70,44,24.7,159,1.83
paddy,kharif,0.86,7.04,135,57,49,31.4,261,3.99
maize,kharif,3.31,6.89,137,64,68,26.2,146,4.44
paddy,kharif,2.63,5.56,98,60,55,27.3,239,3.9
wheat,kharif,3.98,6.88,160,71,37,21.3,220,3.86
wheat,rabi,4.42,6.71,134,47,54,13.9,10,2.54
paddy,kharif,1.75,6.47,42,63,46,29.5,97,3.87
paddy,kharif,3.46,6.56,102,36,37,26.2,199,4.05
pulses,kharif,3.95,6.02,101,63,64,31.6,146,1.33
paddy,kharif,3.81,6.25,63,52,43,22.8,136,3.38
wheat,kharif,2.85,6.37,54,52,65,24.5,142,3.46
maize,kharif,2.9,6.85,160,67,59,19.4,38,3.97
maize,kharif,3.64,6.53,113,74,62,29.7,200,4.59
maize,kharif,2.92,7.91,121,65,67,31.6,263,3.81
pulses,kharif,4.61,6.55,71,67,50,26.3,177,2.21
paddy,kharif,2.03,6.53,98,76,55,26.7,278,4.37
paddy,kharif,2.47,6.85,168,70,81,25.5,218,4.31
pulses,rabi,4.45,5.79,70,39,67,32.2,148,0.52
pulses,rabi,2.86,5.73,100,76,68,22.1,88,0.45
wheat,rabi,2.62,6.25,136,74,79,24.6,126,3.67
paddy,kharif,3.86,6.38,73,45,55,28.7,315,4.43
maize,kharif,0.55,6.38,127,56,79,27.9,104,4.48
wheat,rabi,3.94,6.72,126,44,67,17.8,10,3.2
pulses,rabi,4.77,6.35,123,59,60,28.0,10,1.28
paddy,kharif,1.38,6.04,157,65,40,23.4,191,4.7
maize,kharif,1.95,6.68,124,39,74,25.0,269,4.52
maize,kharif,2.89,6.42,122,56,50,30.8,283,4.46
wheat,rabi,3.03,5.91,141,34,73,21.2,23,3.16
maize,kharif,1.05,6.86,113,41,57,30.1,334,4.8
paddy,kharif,1.68,6.93,131,71,65,27.8,151,3.72
pulses,kharif,3.46,5.83,129,90,61,25.8,224,2.48
wheat,rabi,1.62,6.1,93,59,80,27.4,75,2.79
maize,kharif,1.02,6.21,56,80,74,33.3,88,4.25
paddy,kharif,0.39,5.68,154,71,59,29.9,138,4.05
paddy,kharif,2.26,6.57,54,72,77,25.9,227,4.18
maize,kharif,2.31,6.06,141,59,90,26.1,125,4.85
maize,kharif,4.05,7.1,90,58,57,22.1,178,4.54
maize,kharif,4.82,5.72,159,58,50,25.2,81,4.61
paddy,kharif,4.88,6.53,152,63,72,30.2,249,4.91
wheat,kharif,3.64,6.5,110,66,53,22.9,186,3.15
maize,kharif,2.43,5.63,114,67,67,27.7,45,3.56
paddy,kharif,1.39,6.81,89,61,50,29.7,210,4.19
pulses,kharif,3.47,5.89,122,99,80,28.2,193,1.24
paddy,kharif,4.21,6.11,89,57,44,24.3,195,3.76
maize,kharif,1.26,6.76,103,57,68,25.6,177,4.62
wheat,kharif,0.27,6.11,84,71,66,23.4,222,3.55
pulses,kharif,4.03,6.96,106,80,63,27.9,222,1.91
paddy,kharif,3.49,7.92,98,61,53,26.5,323,3.87
paddy,kharif,1.77,6.12,58,69,101,26.9,66,4.03
wheat,rabi,0.39,6.18,104,71,56,20.5,24,2.59
maize,kharif,1.33,6.28,132,64,68,25.8,293,5.14
maize,kharif,2.3,6.88,96,39,66,27.6,287,4.37
paddy,kharif,2.91,6.46,53,65,32,25.2,308,4.75
pulses,rabi,2.18,6.52,163,52,52,30.6,10,1.52
wheat,kharif,0.39,5.67,78,72,59,21.0,140,3.06
wheat,rabi,4.64,5.19,85,62,58,23.2,61,2.63
maize,kharif,2.75,7.07,88,59,62,30.7,175,4.49
pulses,kharif,2.1,6.34,102,72,63,26.7,109,1.27
paddy,kharif,4.63,6.11,152,64,68,27.6,174,4.39
wheat,kharif,2.65,6.65,165,61,24,21.7,419,4.23
paddy,kharif,1.09,6.13,69,54,61,22.4,108,3.61
paddy,kharif,2.24,5.89,131,42,84,22.9,112,3.97
paddy,kharif,2.1,6.78,110,44,52,24.4,97,3.95
wheat,kharif,4.78,6.65,95,81,64,25.7,139,3.3
wheat,kharif,3.33,6.37,88,41,38,15.0,115,3.08
wheat,kharif,4.98,6.18,119,69,69,17.4,181,2.92
wheat,rabi,1.83,5.98,78,37,80,29.3,10,2.06
wheat,rabi,0.98,6.17,116,65,64,21.1,10,3.21
paddy,kharif,2.37,6.9,67,38,48,24.8,260,4.22
pulses,kharif,3.33,6.6,145,67,61,30.4,209,1.81
paddy,kharif,2.09,6.85,147,59,79,22.1,195,4.23
pulses,rabi,1.45,6.3,110,29,48,28.9,10,0.82
maize,kharif,4.28,6.76,96,56,47,23.0,116,3.9
wheat,kharif,0.77,6.61,117,85,49,22.9,225,3.7
wheat,rabi,0.34,6.37,99,39,47,20.1,10,3.0
maize,kharif,1.69,6.64,78,55,49,27.8,145,4.61
maize,kharif,4.21,5.87,117,73,64,32.7,314,4.38
paddy,kharif,3.36,6.08,144,65,63,30.1,337,4.7
wheat,kharif,1.74,6.98,100,60,62,23.1,91,2.67
paddy,kharif,2.52,6.18,129,57,62,24.3,163,4.32
wheat,rabi,4.56,7.6,109,49,57,22.3,27,2.78
pulses,rabi,3.6,6.43,105,51,57,26.2,111,1.5
paddy,kharif,3.51,6.79,121,72,70,29.8,192,4.53
paddy,kharif,2.36,6.19,115,66,47,27.8,192,3.68
paddy,kharif,2.14,6.42,152,41,47,20.2,161,3.92
wheat,kharif,4.93,6.54,98,75,59,19.5,62,2.99
maize,kharif,0.7,6.53,87,42,68,20.7,244,4.67
paddy,kharif,2.69,6.78,115,48,87,26.9,262,3.82
wheat,rabi,3.78,6.51,126,68,50,23.6,10,2.91
wheat,kharif,2.92,6.13,90,70,45,23.1,259,3.6
paddy,kharif,0.93,6.39,80,75,48,29.0,194,4.04
paddy,kharif,3.72,6.6,79,64,57,38.4,222,3.85
maize,kharif,2.49,6.55,169,58,34,24.8,316,5.05
paddy,kharif,0.92,6.22,120,80,75,29.4,93,3.79
paddy,kharif,4.8,6.39,119,42,44,27.7,240,4.84
maize,kharif,3.83,6.13,77,52,66,27.0,32,3.7
maize,kharif,0.24,5.79,180,59,65,27.2,170,4.47
pulses,kharif,3.1,6.91,127,44,79,23.5,222,1.27
wheat,rabi,3.5,5.51,126,91,80,21.2,40,3.3
paddy,kharif,4.71,6.52,119,68,58,27.6,310,5.01
maize,kharif,4.3,6.31,158,68,109,22.4,144,4.69
paddy,kharif,3.76,6.17,137,77,70,25.1,312,4.92
paddy,kharif,0.29,6.61,107,69,60,25.5,116,3.82
maize,kharif,4.41,6.61,125,50,81,25.2,165,4.71
maize,kharif,4.77,6.99,57,76,82,24.9,223,4.74
maize,kharif,0.77,6.93,89,52,48,27.0,292,4.57
paddy,kharif,3.03,6.7,165,65,54,30.3,180,4.44
paddy,kharif,2.46,5.23,133,53,53,33.1,142,3.61
maize,kharif,2.69,6.28,62,47,79,26.2,236,4.47
maize,kharif,3.78,6.41,96,76,49,24.2,200,4.51
paddy,kharif,1.98,6.67,38,64,60,28.1,219,4.2
wheat,rabi,1.66,6.23,81,105,49,22.3,10,3.0
paddy,kharif,0.34,7.02,124,68,33,33.5,104,4.31
paddy,kharif,1.62,6.07,114,52,60,27.3,36,4.12
paddy,kharif,2.55,6.22,120,46,26,29.2,241,4.44
paddy,kharif,0.92,5.77,79,48,72,26.9,164,4.54
paddy,kharif,0.93,6.32,92,27,74,29.3,185,4.25
paddy,kharif,2.58,6.21,75,86,73,21.4,78,3.56
maize,kharif,1.36,7.47,119,67,49,28.2,169,4.21
pulses,kharif,0.71,6.59,148,43,46,22.5,220,1.84
wheat,rabi,3.17,5.87,108,53,49,26.6,33,3.1
wheat,rabi,4.41,5.65,152,57,71,19.7,26,2.72
paddy,kharif,2.19,6.68,150,77,71,23.7,144,3.94
wheat,rabi,3.9,5.8,104,37,59,17.0,82,2.92
paddy,kharif,0.43,6.29,134,39,45,29.0,27,3.92
maize,kharif,1.56,5.96,122,60,81,26.0,138,4.33
maize,kharif,0.32,6.79,184,50,55,24.3,216,4.93
maize,kharif,0.38,6.19,139,68,59,25.1,394,4.58
paddy,kharif,4.14,7.39,136,49,67,28.8,158,4.43
maize,kharif,3.89,6.48,122,63,60,24.1,335,4.47
paddy,kharif,1.21,7.38,82,48,45,29.0,90,3.59
pulses,kharif,3.56,5.76,142,40,71,23.9,328,2.04
maize,kharif,2.44,6.8,102,57,79,23.8,207,4.78
pulses,rabi,3.27,6.36,57,44,64,25.6,45,1.39
paddy,kharif,1.5,6.59,88,81,73,28.9,343,4.18
paddy,kharif,2.47,6.04,119,43,70,31.2,221,3.81
maize,kharif,4.05,6.51,29,78,62,23.5,279,4.21
maize,kharif,4.6,7.39,158,65,66,28.4,99,4.47
paddy,kharif,0.37,6.39,125,61,13,28.5,251,4.72
maize,kharif,3.74,6.66,123,75,65,23.3,10,3.83
pulses,kharif,3.41,6.57,148,55,67,27.5,320,1.68
paddy,kharif,0.84,6.92,156,63,55,30.3,269,4.56
wheat,kharif,1.13,7.45,132,60,59,23.7,190,3.46
wheat,rabi,1.82,6.28,112,89,53,20.0,10,3.5
paddy,kharif,4.56,7.87,127,43,59,28.2,267,4.81
maize,kharif,1.57,6.89,89,44,33,21.3,128,3.56
wheat,kharif,1.95,4.93,78,52,50,26.6,150,2.96
wheat,rabi,4.63,6.47,87,62,56,19.2,119,3.34
wheat,rabi,2.11,6.46,83,61,50,19.2,10,2.73
maize,kharif,1.68,7.76,136,79,71,31.6,137,3.31
maize,kharif,2.56,6.58,118,79,65,28.4,124,4.13
maize,kharif,3.84,6.19,91,50,49,22.2,79,3.82
wheat,kharif,2.98,6.63,87,58,65,24.1,192,3.79
wheat,kharif,2.79,6.26,55,64,70,23.7,233,3.37
paddy,kharif,2.19,6.71,93,76,46,26.2,330,4.67
maize,kharif,0.55,6.58,27,46,59,24.9,219,4.63
paddy,kharif,1.65,6.66,100,57,55,34.7,20,3.44
paddy,kharif,0.62,6.95,134,59,55,27.7,191,4.35
paddy,kharif,3.92,6.88,73,44,33,30.6,220,4.31
paddy,kharif,3.54,6.2,115,72,45,26.4,214,5.22
paddy,kharif,3.06,7.1,121,45,75,23.5,328,4.33
pulses,kharif,1.55,6.83,102,70,47,22.1,194,1.53
maize,kharif,2.59,6.07,119,61,36,22.0,200,4.93
maize,kharif,1.24,4.94,131,58,77,23.4,228,4.53
pulses,kharif,2.16,6.51,126,59,74,24.6,93,2.14
maize,kharif,1.58,6.47,112,54,59,25.9,213,3.98
maize,kharif,3.23,6.79,68,52,49,30.4,153,4.33
wheat,kharif,3.35,7.14,53,40,30,18.7,135,2.34
pulses,rabi,1.37,5.99,146,66,62,23.0,10,0.78
paddy,kharif,1.98,6.95,128,48,60,27.0,183,4.89
wheat,kharif,2.43,5.77,90,52,56,17.2,247,3.51
paddy,kharif,1.8,6.54,83,55,92,28.3,104,4.17
paddy,kharif,3.06,5.98,96,74,68,29.6,112,3.88
maize,kharif,1.0,6.36,123,54,63,30.8,186,4.84
wheat,kharif,1.18,5.95,84,47,58,23.8,300,3.58
pulses,kharif,4.42,6.51,115,91,78,28.4,123,1.56
paddy,kharif,4.29,6.75,120,43,77,28.3,61,3.99
maize,kharif,1.36,6.33,134,62,40,21.8,289,4.99
paddy,kharif,4.91,7.03,130,46,85,29.6,169,4.13
wheat,rabi,3.09,6.85,81,65,52,21.2,10,2.8
wheat,kharif,1.53,6.49,135,76,47,21.8,54,3.68
wheat,kharif,0.92,5.44,128,46,50,23.9,220,3.25
wheat,rabi,2.2,5.95,100,65,57,17.8,119,2.23
wheat,rabi,3.51,6.57,126,76,49,23.8,55,2.71
maize,kharif,2.36,6.71,121,64,52,28.5,75,4.2
pulses,kharif,4.65,7.04,99,71,60,23.3,179,1.39
wheat,kharif,2.85,6.62,62,35,66,19.6,224,3.65
paddy,kharif,2.49,7.34,120,53,45,26.5,104,4.1
paddy,kharif,4.66,6.3,78,53,20,27.6,186,4.37
paddy,kharif,2.47,6.91,147,59,75,23.6,257,4.23
pulses,kharif,0.8,6.09,121,32,28,30.1,272,1.41
wheat,rabi,4.22,6.71,114,76,49,22.1,38,3.08
maize,kharif,2.05,6.52,78,72,45,25.3,176,4.53
wheat,rabi,3.47,7.11,95,59,88,21.2,139,3.31
wheat,rabi,1.44,6.92,89,45,50,22.3,22,3.09
paddy,kharif,0.55,6.13,66,90,64,29.4,92,3.94
paddy,kharif,1.61,7.04,179,45,44,25.4,328,4.86
paddy,kharif,0.22,6.09,136,54,56,29.8,184,4.32
wheat,rabi,0.72,6.79,134,57,49,24.0,53,2.7
maize,kharif,2.65,6.24,154,67,80,26.8,206,4.6
maize,kharif,4.4,5.82,93,55,66,27.4,153,4.42
pulses,kharif,1.97,6.26,142,34,61,30.8,139,1.54
maize,kharif,4.33,6.46,111,80,69,23.4,148,4.57
paddy,kharif,4.93,6.47,65,84,62,25.3,144,3.45
paddy,kharif,2.35,7.62,131,58,53,25.1,364,4.16
paddy,kharif,2.86,5.63,90,49,58,27.8,439,3.93
paddy,kharif,2.24,6.5,113,44,61,29.5,226,4.73
paddy,kharif,0.62,6.54,74,50,56,28.8,161,3.92
wheat,kharif,3.88,5.77,79,54,39,23.1,259,3.26
maize,kharif,1.53,6.14,86,77,73,27.8,274,4.1
maize,kharif,3.4,7.01,121,60,55,27.1,175,4.78
wheat,kharif,2.2,7.52,91,56,46,23.0,141,3.01
pulses,kharif,3.96,6.91,141,62,108,29.2,225,1.73
paddy,kharif,3.66,7.35,154,71,41,29.5,100,3.63
maize,kharif,0.61,6.95,124,67,45,25.7,79,3.57
wheat,kharif,2.18,6.94,143,50,68,20.0,52,3.18
paddy,kharif,2.85,7.49,64,65,45,30.7,223,4.12
paddy,kharif,1.11,6.96,163,67,46,29.0,394,4.77
wheat,rabi,0.23,6.81,121,48,47,25.0,135,3.72
wheat,rabi,3.36,6.34,150,70,45,18.9,79,3.23
paddy,kharif,4.1,6.88,149,31,63,30.1,77,3.86
wheat,kharif,2.96,7.51,85,67,68,23.2,231,3.48
paddy,kharif,3.49,5.97,133,73,64,31.4,215,4.48
wheat,kharif,0.66,6.46,89,42,81,23.5,197,3.38
wheat,rabi,4.99,6.4,109,73,30,21.8,10,2.99
paddy,kharif,2.18,7.46,100,64,89,26.3,345,4.28
pulses,rabi,1.67,6.65,108,50,61,28.7,38,1.15
wheat,rabi,3.04,6.17,89,65,82,25.4,10,2.73
paddy,kharif,0.9,7.3,67,35,47,28.9,249,4.32
paddy,kharif,4.78,7.09,57,77,55,30.2,94,3.76
paddy,kharif,3.11,5.71,110,43,67,30.3,302,4.2
paddy,kharif,4.86,5.68,128,74,56,24.4,275,3.94
maize,kharif,4.42,6.86,91,49,61,29.0,382,4.12
paddy,kharif,4.68,7.01,81,49,51,27.8,225,4.38
wheat,rabi,4.34,6.86,108,77,49,17.2,37,3.24
paddy,kharif,1.76,6.06,162,44,49,29.7,51,4.41
wheat,rabi,3.01,6.42,78,57,45,23.5,104,3.59
wheat,rabi,0.52,6.35,95,67,54,22.8,10,2.7
maize,kharif,0.43,6.01,130,52,60,30.3,264,4.87
wheat,rabi,2.33,6.14,102,24,56,20.4,102,3.21
paddy,kharif,1.66,6.86,86,52,26,24.7,140,3.85
maize,kharif,0.43,5.89,115,66,66,26.0,76,3.95
wheat,kharif,1.08,6.54,152,72,45,24.0,251,3.69
maize,kharif,0.84,5.8,123,63,56,25.9,142,4.5
paddy,kharif,4.48,6.68,75,46,26,29.7,103,3.92
pulses,rabi,2.97,6.47,160,85,74,27.0,10,1.8
paddy,kharif,0.54,6.18,104,62,63,29.5,153,3.83
maize,kharif,1.6,7.74,123,40,48,27.5,307,4.11
maize,kharif,2.77,6.93,99,36,69,29.4,193,4.5
pulses,kharif,3.49,7.01,121,67,82,22.8,155,1.56
paddy,kharif,0.53,6.41,80,60,62,30.8,231,4.52
paddy,kharif,4.45,6.14,118,55,85,32.0,250,4.61
paddy,kharif,3.65,6.39,113,63,67,30.8,144,4.04
pulses,kharif,0.38,6.45,106,60,67,33.6,215,1.82
paddy,kharif,0.46,7.11,122,5,70,33.8,40,4.0
maize,kharif,4.05,6.5,39,66,77,27.1,246,4.5
maize,kharif,0.62,7.37,143,30,37,23.5,72,3.91
maize,kharif,4.1,6.89,128,51,57,20.2,173,4.23
wheat,rabi,4.55,6.62,102,64,75,21.7,65,3.19
maize,kharif,3.59,6.22,121,60,55,25.0,159,3.95
wheat,rabi,1.64,6.23,166,54,46,19.0,10,3.52
paddy,kharif,0.96,6.05,164,54,55,32.3,252,5.23
maize,kharif,2.84,6.19,54,55,77,27.8,201,4.09
paddy,kharif,2.92,6.72,115,48,73,18.6,230,4.82
pulses,rabi,0.31,6.5,96,75,67,26.5,103,1.58
wheat,rabi,3.3,5.64,93,77,39,15.5,42,2.97
wheat,kharif,1.59,5.57,123,69,33,25.4,261,3.79
paddy,kharif,1.7,6.76,136,32,37,25.8,189,4.37
maize,kharif,0.61,7.07,83,63,47,25.4,225,3.4
maize,kharif,2.74,6.2,167,54,61,24.5,332,4.85
wheat,kharif,1.6,6.47,143,98,64,22.4,213,4.34
maize,kharif,3.93,5.73,74,52,59,31.3,242,3.97
paddy,kharif,4.13,7.06,110,53,76,25.0,231,4.95
wheat,rabi,1.35,6.71,95,39,70,25.4,15,2.7
paddy,kharif,1.47,6.22,79,88,66,29.7,270,4.74
paddy,kharif,2.27,6.37,123,65,54,24.0,211,4.25
wheat,kharif,3.53,7.76,98,51,43,22.6,216,3.02
wheat,kharif,4.98,6.96,86,59,38,20.3,177,3.28
wheat,kharif,1.82,6.98,153,68,59,25.0,285,3.97
maize,kharif,4.82,6.36,133,59,77,29.9,295,5.18
wheat,rabi,0.77,6.27,124,50,35,21.1,145,3.55
pulses,kharif,3.58,6.59,110,40,76,24.5,148,1.98
pulses,rabi,4.9,6.32,108,59,71,30.7,69,1.87
pulses,kharif,1.97,7.35,169,77,60,25.3,246,2.5
wheat,kharif,2.38,6.53,100,57,62,27.2,180,3.36
wheat,kharif,4.28,7.31,116,68,57,23.6,225,3.53
wheat,rabi,2.14,6.35,102,85,100,18.4,10,2.7
paddy,kharif,4.61,6.8,115,67,49,27.3,198,3.88
paddy,kharif,4.31,6.88,117,69,32,23.5,253,3.45
paddy,kharif,1.87,6.92,83,75,108,21.2,255,3.64
wheat,kharif,0.87,6.04,133,38,78,20.8,87,3.72
paddy,kharif,1.97,7.11,86,58,61,32.6,235,4.22
paddy,kharif,0.83,7.15,110,54,51,26.3,87,3.57
paddy,kharif,1.38,6.46,131,22,68,27.5,161,4.39
paddy,kharif,1.39,6.96,117,55,45,23.6,217,4.64
wheat,rabi,3.14,6.61,108,72,69,13.0,83,2.6
paddy,kharif,1.56,6.71,60,70,71,28.1,130,3.74
wheat,rabi,2.94,6.42,107,34,57,23.8,10,3.08
paddy,kharif,2.25,6.93,43,65,84,32.3,231,4.02
wheat,kharif,4.09,6.77,85,71,91,21.8,92,2.86
maize,kharif,0.85,6.94,93,72,57,23.8,167,3.91
pulses,kharif,2.59,6.81,129,51,44,25.3,288,1.77
maize,kharif,0.36,6.75,159,65,69,28.2,107,4.22
wheat,rabi,1.24,6.9,118,61,21,28.2,10,3.25
wheat,kharif,2.55,6.68,76,43,39,24.3,256,4.04
wheat,rabi,3.27,5.86,99,52,66,25.1,119,2.81
wheat,kharif,4.2,6.15,93,86,64,22.5,179,4.25
wheat,kharif,1.38,6.36,103,62,49,23.3,316,3.33
maize,kharif,0.38,6.28,169,75,74,25.2,177,4.35
paddy,kharif,3.35,7.14,103,57,62,30.7,82,4.06
wheat,kharif,1.81,6.43,153,85,65,27.9,196,3.91
maize,kharif,3.29,6.16,48,79,50,23.6,105,3.85
maize,kharif,1.88,5.67,99,44,74,26.9,149,4.28
wheat,rabi,3.59,6.77,130,19,58,28.2,146,2.6
paddy,kharif,4.26,7.36,117,48,60,20.2,113,3.56
wheat,rabi,0.92,7.0,66,63,60,27.1,21,2.52
pulses,kharif,3.69,6.39,96,57,72,27.7,140,1.66
wheat,rabi,3.27,6.4,108,35,81,19.7,122,3.12
maize,kharif,4.43,6.19,146,74,63,28.3,176,4.66
paddy,kharif,2.42,6.15,154,55,60,30.3,201,4.43
paddy,kharif,4.89,6.17,106,60,72,27.7,344,4.48
maize,kharif,0.95,5.84,78,52,77,25.9,161,4.6
maize,kharif,4.82,6.07,95,87,63,25.2,257,4.96
wheat,kharif,0.96,6.96,75,60,43,19.0,154,3.25
maize,kharif,0.58,6.53,75,66,76,25.8,183,4.61
paddy,kharif,4.6,8.05,106,58,71,32.9,277,3.38
pulses,rabi,4.1,5.92,118,40,78,23.1,45,0.83
paddy,kharif,2.56,6.55,93,42,31,24.2,208,4.42
paddy,kharif,3.75,6.14,102,43,74,34.3,59,3.55
wheat,rabi,4.96,6.78,146,61,68,27.3,195,3.5
wheat,rabi,3.73,5.81,102,61,52,22.8,245,3.53
maize,kharif,4.28,6.62,153,62,56,20.6,70,3.57
pulses,rabi,1.77,7.13,110,56,47,27.9,10,0.75
wheat,rabi,0.91,6.82,110,65,47,28.2,10,3.16
paddy,kharif,4.85,6.87,144,47,76,33.5,179,4.27
paddy,kharif,1.52,7.36,79,45,84,29.9,369,4.14
wheat,rabi,3.77,6.57,56,70,64,21.8,10,2.62
wheat,kharif,1.54,7.54,154,37,51,23.3,194,3.02
paddy,kharif,4.4,7.46,102,77,40,24.9,257,4.47
wheat,rabi,2.61,5.81,104,72,53,21.3,10,2.66
wheat,kharif,3.84,6.0,100,36,44,26.1,188,3.77
paddy,kharif,0.22,6.82,29,63,59,32.5,277,3.75
pulses,kharif,1.88,7.12,102,46,62,25.4,323,1.86
paddy,kharif,3.71,7.05,133,81,69,28.5,299,4.61
wheat,kharif,4.93,6.5,96,81,72,22.9,174,3.7
paddy,kharif,2.25,6.56,117,54,73,31.9,277,4.48
paddy,kharif,4.43,5.88,130,62,98,32.4,256,4.56
paddy,kharif,4.13,5.63,83,59,28,26.4,180,3.83
paddy,kharif,3.37,7.36,129,51,58,27.9,138,3.83
maize,kharif,2.24,5.95,108,61,30,25.9,269,4.73
wheat,kharif,1.12,7.22,194,71,62,24.9,155,3.61
wheat,rabi,0.37,6.16,122,57,31,17.6,10,2.51
pulses,rabi,4.45,7.03,132,76,69,26.6,127,1.92
paddy,kharif,1.85,5.33,101,55,77,32.7,83,4.02
wheat,rabi,1.0,6.34,63,69,70,25.2,10,2.74
wheat,kharif,4.23,5.08,81,60,43,21.2,189,2.87
paddy,kharif,2.24,6.38,96,57,59,22.8,236,4.09
pulses,kharif,0.67,5.99,98,41,49,29.8,318,1.33
paddy,kharif,0.24,6.79,57,35,67,22.2,164,3.78
paddy,kharif,3.93,6.32,135,64,50,28.1,230,5.12
paddy,kharif,3.04,6.19,94,56,57,25.0,301,4.57
paddy,kharif,1.87,6.61,131,39,57,27.8,249,4.43
paddy,kharif,3.67,6.47,111,85,68,28.2,197,4.86
maize,kharif,3.84,5.96,152,65,49,25.7,240,4.7
paddy,kharif,2.87,6.67,99,53,39,28.2,185,4.18
wheat,rabi,4.76,6.85,126,56,51,18.9,10,2.9
paddy,kharif,3.24,6.02,60,72,52,25.5,112,3.85
wheat,kharif,0.27,7.04,55,89,96,13.9,192,2.82
wheat,rabi,0.98,6.91,106,46,57,23.5,10,2.37
paddy,kharif,3.09,6.43,98,68,86,29.7,78,3.68
wheat,kharif,1.82,6.91,77,82,87,21.3,235,3.27
paddy,kharif,2.74,5.96,101,53,55,30.8,137,4.53
wheat,kharif,1.88,5.99,109,52,54,24.4,319,3.93
maize,kharif,2.11,6.11,80,42,53,26.7,47,3.91
wheat,kharif,0.51,5.8,123,25,76,21.4,346,3.14
paddy,kharif,2.73,6.33,68,68,70,33.4,280,4.1
paddy,kharif,3.79,7.24,86,82,67,29.0,175,4.38
maize,kharif,4.0,6.85,105,48,68,25.8,239,4.52
pulses,kharif,1.36,7.27,136,54,55,30.1,171,1.33
paddy,kharif,1.5,7.38,68,67,91,28.1,178,3.7
maize,kharif,3.63,6.45,72,83,77,25.9,107,4.74
paddy,kharif,2.84,5.62,90,38,50,30.2,169,4.06
wheat,kharif,1.03,7.46,99,65,36,26.6,161,3.31
paddy,kharif,4.14,6.84,96,76,48,30.3,168,4.31
paddy,kharif,3.22,5.96,117,60,51,27.8,210,4.16
wheat,rabi,4.03,7.67,141,64,77,16.1,10,2.51
wheat,kharif,4.47,6.96,75,65,60,23.0,158,3.68
paddy,kharif,3.65,6.1,132,59,55,29.9,176,3.56
pulses,rabi,1.82,7.12,166,59,40,24.7,40,0.99
paddy,kharif,0.79,6.74,109,40,83,28.2,176,4.48
paddy,kharif,0.61,6.83,66,76,58,31.5,183,4.05
pulses,kharif,1.97,6.26,110,61,34,25.3,263,1.76
paddy,kharif,0.26,6.44,79,59,74,24.8,170,3.68
maize,kharif,3.39,6.07,112,41,44,21.6,114,4.39
pulses,kharif,4.08,6.08,132,44,60,26.2,386,2.16
paddy,kharif,1.77,7.57,61,47,56,26.7,173,3.38
paddy,kharif,1.33,6.4,141,59,45,24.0,181,4.04
wheat,rabi,1.82,6.56,115,81,53,19.8,10,2.97
paddy,kharif,3.51,5.49,93,65,62,31.6,356,4.42
pulses,rabi,1.72,7.35,165,74,70,25.4,36,1.23
paddy,kharif,3.45,6.4,39,85,56,29.4,316,4.48
paddy,kharif,4.29,7.7,142,63,81,24.5,176,4.47
pulses,rabi,4.08,7.48,62,84,51,24.7,10,0.41
wheat,rabi,4.03,6.87,90,41,52,23.0,17,2.85
wheat,kharif,3.32,5.98,112,67,38,19.3,142,3.16
wheat,rabi,3.51,5.7,62,54,57,17.6,10,2.32
wheat,kharif,2.86,7.24,124,47,61,22.4,297,3.49
paddy,kharif,1.85,6.52,154,79,62,27.2,240,4.72
wheat,kharif,2.67,6.3,96,41,68,19.5,287,3.23
paddy,kharif,1.14,5.42,170,53,62,29.7,258,4.63
paddy,kharif,1.12,7.38,125,89,73,22.6,408,4.07
paddy,kharif,3.2,7.03,89,69,56,32.7,235,4.49
pulses,kharif,1.15,6.61,138,54,60,29.5,17,1.45
paddy,kharif,2.35,6.67,146,75,57,30.6,269,4.69
wheat,rabi,0.46,6.92,108,44,34,24.5,10,2.87
paddy,kharif,3.61,6.48,104,65,78,24.0,245,4.74
paddy,kharif,0.84,6.71,120,68,68,25.1,279,4.84
paddy,kharif,4.18,6.44,115,42,54,23.8,248,4.42
wheat,rabi,4.42,6.76,98,47,48,20.4,41,3.0
paddy,kharif,1.54,6.32,185,48,51,37.9,233,3.97
paddy,kharif,0.43,6.95,103,53,84,29.7,277,4.65
paddy,kharif,2.25,7.1,114,87,72,28.6,220,4.52
wheat,rabi,0.83,6.61,97,65,60,24.3,93,3.24
paddy,kharif,2.49,6.43,107,54,52,32.6,310,4.57
paddy,kharif,3.6,6.54,104,65,53,28.8,216,4.7
paddy,kharif,0.64,6.05,92,52,43,31.0,122,3.7
maize,kharif,2.83,6.41,79,72,72,28.2,243,4.72
pulses,kharif,0.77,6.88,89,60,55,22.6,214,1.41
paddy,kharif,3.74,5.72,98,58,46,30.0,194,4.31
wheat,kharif,2.8,6.56,72,68,45,24.8,172,3.63
paddy,kharif,3.06,6.69,145,84,60,33.5,176,4.68
paddy,kharif,1.56,5.33,76,67,40,29.3,272,4.0
maize,kharif,3.31,6.02,106,61,55,31.0,142,4.58
pulses,kharif,4.13,7.07,97,68,66,24.4,249,2.31
paddy,kharif,2.21,6.84,66,66,44,26.2,372,4.17
wheat,rabi,2.95,6.03,96,78,60,17.3,83,2.83
wheat,kharif,4.11,7.39,84,57,65,19.4,221,3.22
pulses,kharif,2.61,6.54,114,51,51,25.6,196,1.67
paddy,kharif,4.75,6.13,101,47,84,28.1,214,4.25
wheat,rabi,1.1,6.03,101,21,43,26.4,106,3.31
wheat,rabi,2.82,6.27,78,77,60,29.5,10,3.17
paddy,kharif,0.48,7.35,79,52,44,24.3,253,3.96
paddy,kharif,1.03,5.57,148,54,67,29.9,309,4.48
maize,kharif,0.82,6.6,78,62,54,22.0,253,4.29
wheat,kharif,0.74,6.48,112,53,66,26.0,251,3.89
paddy,kharif,1.74,6.06,103,49,44,22.4,92,3.55
pulses,kharif,0.38,6.54,96,76,57,28.1,216,1.45
paddy,kharif,4.91,6.45,87,65,39,28.0,245,4.75
wheat,rabi,0.9,7.27,65,46,102,21.2,10,2.54
wheat,kharif,4.46,6.9,82,52,73,16.7,94,2.83
wheat,kharif,4.93,6.61,105,68,63,22.6,84,3.44
wheat,rabi,2.14,7.02,88,80,81,24.3,10,2.18
paddy,kharif,0.86,6.13,145,47,53,29.6,110,4.16
maize,kharif,4.46,7.12,144,60,24,22.7,261,4.08
paddy,kharif,4.59,7.23,92,50,59,29.1,187,4.48
maize,kharif,4.13,5.7,123,53,72,26.4,263,4.73
paddy,kharif,2.84,6.18,146,69,44,28.5,10,3.75
paddy,kharif,3.24,6.56,19,54,65,29.4,276,4.21
paddy,kharif,4.83,6.4,72,32,43,32.5,178,4.07
maize,kharif,2.59,6.97,44,51,59,26.7,141,3.54
wheat,kharif,4.19,6.99,73,64,62,24.9,189,3.49
wheat,kharif,1.07,5.75,30,65,66,23.4,158,3.44
paddy,kharif,0.42,6.8,161,55,50,23.5,324,4.62
paddy,kharif,4.31,6.66,70,57,45,26.8,167,3.88
paddy,kharif,1.36,6.65,103,71,67,28.8,254,4.67
wheat,rabi,4.57,6.39,155,52,65,23.2,10,2.95
paddy,kharif,4.53,5.77,90,63,78,29.7,10,3.81
paddy,kharif,4.72,6.49,104,58,59,32.0,198,4.66
maize,kharif,0.45,5.61,143,53,70,23.1,105,4.68
paddy,kharif,3.59,6.56,97,59,40,28.0,113,3.96
maize,kharif,2.79,5.76,135,59,51,28.2,186,4.12
paddy,kharif,4.4,6.46,97,77,52,23.4,145,4.42
maize,kharif,3.95,7.19,132,56,57,27.0,133,4.37
wheat,rabi,1.73,6.41,100,75,32,20.9,10,3.25
paddy,kharif,4.94,6.83,97,63,54,30.6,93,3.69
paddy,kharif,3.53,5.4,151,57,31,19.0,77,3.39
paddy,kharif,0.54,6.23,76,53,60,28.7,136,4.34
wheat,rabi,2.99,7.04,106,49,73,28.4,56,3.14
wheat,rabi,0.39,6.51,71,56,50,20.8,10,2.78
paddy,kharif,1.45,5.57,87,37,63,29.5,220,3.91
paddy,kharif,0.34,5.93,132,72,74,26.2,294,4.36
maize,kharif,2.77,6.39,37,55,61,24.8,340,4.09
pulses,rabi,1.92,7.02,154,49,49,22.5,144,1.83
wheat,kharif,1.94,5.85,115,68,29,21.0,329,3.54
paddy,kharif,4.66,5.96,101,58,45,25.1,320,3.96
paddy,kharif,2.31,6.49,126,51,68,21.9,235,3.6
paddy,kharif,1.23,6.81,71,42,49,28.6,37,3.67
pulses,kharif,1.58,6.61,93,30,62,23.1,153,1.56
paddy,kharif,1.43,6.78,66,63,59,31.7,156,3.92
maize,kharif,2.65,5.95,186,43,59,27.0,221,4.83
maize,kharif,4.52,5.94,174,56,68,25.0,171,4.49
pulses,kharif,3.89,6.3,145,42,51,23.3,315,1.66
paddy,kharif,1.83,6.43,68,39,72,24.2,231,4.21
paddy,kharif,3.92,6.03,80,70,50,19.7,251,3.64
maize,kharif,1.93,6.51,139,62,83,22.8,199,4.87
paddy,kharif,4.75,6.28,172,91,64,29.7,295,4.54
wheat,rabi,2.91,6.39,110,24,57,19.7,113,3.51
paddy,kharif,2.17,5.75,127,69,78,34.4,64,3.6
maize,kharif,2.09,6.51,102,75,43,22.9,118,4.11
maize,kharif,4.43,6.42,86,73,59,29.2,184,4.46
wheat,kharif,0.8,6.86,97,67,47,24.3,153,3.54
paddy,kharif,1.36,5.92,65,50,39,23.9,249,4.0
maize,kharif,4.71,6.2,159,48,40,28.4,182,5.25
paddy,kharif,4.32,7.04,94,48,71,29.7,87,3.56
maize,kharif,3.56,6.37,105,34,43,24.6,146,4.32
pulses,kharif,0.81,7.06,85,34,54,21.2,201,1.07
maize,kharif,1.14,6.23,60,73,49,29.3,141,3.98
pulses,rabi,4.04,6.88,107,67,71,26.6,28,0.83
paddy,kharif,1.44,6.29,148,38,84,27.9,225,4.52
paddy,kharif,2.66,6.67,130,57,27,23.4,364,4.03
paddy,kharif,1.85,6.41,128,47,83,28.2,236,4.58
pulses,rabi,2.09,7.36,91,71,67,22.8,57,0.96
wheat,kharif,2.79,6.57,107,58,58,20.9,211,3.47
paddy,kharif,2.18,5.8,92,52,90,24.0,234,4.22
wheat,rabi,1.22,7.11,96,62,32,22.3,10,2.75
paddy,kharif,2.11,5.65,114,41,47,31.5,247,4.59
paddy,kharif,0.5,7.25,66,71,52,25.2,249,4.38
pulses,rabi,1.49,6.57,125,64,68,26.6,107,1.18
pulses,kharif,4.49,7.32,95,61,71,19.8,158,1.25
pulses,rabi,1.95,7.05,140,65,73,26.6,84,1.43
paddy,kharif,3.71,7.13,155,80,53,25.1,302,4.67
maize,kharif,4.71,6.71,77,69,80,30.9,256,4.13
paddy,kharif,4.88,6.07,108,81,69,35.4,141,3.64
wheat,kharif,2.09,6.47,141,69,66,20.8,297,5.17
wheat,rabi,0.24,5.85,90,56,51,22.0,182,3.74
paddy,kharif,1.25,7.17,108,34,70,31.1,10,3.32
pulses,kharif,0.35,6.08,131,52,68,22.7,91,1.54
paddy,kharif,2.81,6.23,86,80,37,31.8,305,4.62
wheat,kharif,1.12,6.39,71,45,69,23.9,116,3.36
wheat,kharif,0.99,7.03,124,74,40,21.6,196,3.5
paddy,kharif,0.44,6.7,104,48,76,29.0,118,4.12
paddy,kharif,4.5,6.75,104,51,83,24.5,256,5.04
paddy,kharif,3.83,5.93,69,53,49,25.8,173,3.87
wheat,rabi,3.67,6.16,105,57,87,22.7,10,3.13
paddy,kharif,2.05,5.89,162,43,69,28.6,248,5.17
maize,kharif,0.49,7.05,91,62,40,22.9,204,4.36
wheat,rabi,4.68,7.14,99,43,61,19.3,141,3.13
wheat,rabi,1.61,6.0,71,66,43,18.7,106,3.08
maize,kharif,3.35,6.05,163,73,53,27.7,91,4.22
paddy,kharif,0.32,6.45,117,61,57,27.1,165,4.39
paddy,kharif,3.87,5.91,80,65,82,28.5,167,4.21
paddy,kharif,4.0,5.93,149,62,49,27.5,157,4.67
pulses,rabi,2.85,6.13,115,64,36,26.8,36,1.29
wheat,rabi,2.71,7.17,74,54,69,23.4,76,3.74
maize,kharif,2.36,6.35,80,55,70,27.2,232,4.59
maize,kharif,4.72,6.86,135,44,71,24.0,237,4.61
wheat,rabi,0.97,6.8,83,58,56,20.5,10,3.16
maize,kharif,1.54,6.66,68,67,38,27.9,159,4.3
pulses,rabi,2.09,6.96,85,50,66,27.4,10,1.65
pulses,kharif,0.85,5.57,130,51,68,25.3,219,1.46
pulses,kharif,3.75,7.62,177,84,79,25.7,293,2.0
paddy,kharif,4.88,7.06,109,41,51,22.5,275,3.65
wheat,kharif,3.61,6.62,99,72,40,19.7,10,2.25
pulses,rabi,1.39,6.55,85,55,73,24.5,59,1.24
pulses,rabi,2.12,6.01,123,52,61,30.2,26,1.37
paddy,kharif,2.77,6.51,167,30,58,32.4,137,4.25
wheat,rabi,0.41,7.28,123,79,54,19.8,21,2.53
wheat,rabi,0.44,6.75,75,71,52,25.5,10,2.92
paddy,kharif,3.7,6.55,60,75,58,30.4,255,4.19
maize,kharif,4.69,6.35,138,57,75,27.3,223,4.76
wheat,rabi,4.35,6.47,125,60,61,27.2,136,3.33
paddy,kharif,2.78,6.41,119,72,71,24.7,278,4.49
maize,kharif,1.39,7.23,117,70,71,30.2,258,4.17
paddy,kharif,1.1,6.25,79,67,55,29.0,259,4.32
paddy,kharif,3.35,6.23,114,39,56,30.1,248,4.27
paddy,kharif,0.81,6.78,122,52,64,32.5,216,3.86
maize,kharif,4.35,5.86,110,56,61,26.6,291,4.69
paddy,kharif,0.25,6.32,89,32,64,34.2,236,4.4
paddy,kharif,2.84,6.99,170,82,72,28.1,216,4.46
paddy,kharif,3.65,6.52,101,37,59,27.0,106,3.92
wheat,rabi,4.05,5.55,50,60,61,23.2,10,2.25
paddy,kharif,1.94,7.28,100,59,97,27.4,244,4.57
paddy,kharif,3.97,6.6,113,51,64,34.1,296,4.49
maize,kharif,4.31,6.37,138,82,48,24.5,374,4.88
paddy,kharif,1.5,6.62,100,74,80,24.9,171,4.49
paddy,kharif,2.22,7.0,143,53,63,24.4,128,4.07
maize,kharif,3.44,6.14,78,66,30,23.0,50,3.88
pulses,kharif,1.41,7.32,160,32,64,23.0,104,1.28
pulses,kharif,3.77,6.85,42,48,47,26.2,183,1.36
paddy,kharif,0.81,6.77,114,55,66,30.5,155,4.22
maize,kharif,4.96,7.4,69,54,45,32.6,159,3.68
pulses,kharif,2.04,6.34,106,7,60,26.1,283,2.26
paddy,kharif,4.76,5.95,133,51,42,27.4,312,4.53
maize,kharif,1.04,7.02,90,63,63,28.0,220,4.29
maize,kharif,3.04,6.21,54,67,55,25.6,244,4.35
paddy,kharif,4.43,7.23,110,41,42,28.4,109,3.44
paddy,kharif,2.47,6.32,118,62,69,29.8,10,3.8
paddy,kharif,1.66,6.52,132,61,82,31.4,190,4.44
wheat,rabi,0.43,5.82,116,62,70,26.2,37,3.52
paddy,kharif,0.77,6.22,98,68,45,27.1,187,4.1
paddy,kharif,4.75,7.08,100,78,39,23.8,102,3.73
wheat,kharif,2.15,6.26,103,68,52,20.4,92,3.02
maize,kharif,0.23,6.13,147,51,81,30.2,204,4.18
wheat,rabi,0.88,6.98,131,79,50,23.0,10,3.22
paddy,kharif,0.76,6.64,105,56,46,30.4,319,4.34
paddy,kharif,1.62,6.5,64,40,48,21.6,312,4.17
paddy,kharif,3.17,5.59,109,89,49,30.6,161,4.09
paddy,kharif,4.58,6.15,152,60,76,25.9,312,4.7
paddy,kharif,4.61,6.25,109,53,74,27.4,80,3.49
maize,kharif,1.55,5.92,119,62,59,27.3,212,3.79
wheat,kharif,4.68,7.32,160,39,54,17.3,321,3.85
paddy,kharif,0.24,7.19,146,77,66,27.0,261,4.81
pulses,kharif,4.88,7.33,87,56,65,27.5,158,1.99
pulses,kharif,2.53,7.38,96,58,41,25.5,80,1.32
pulses,kharif,4.46,6.88,75,63,70,20.7,254,1.03
paddy,kharif,1.95,7.22,75,35,62,26.8,79,3.78
paddy,kharif,2.99,6.21,134,79,76,27.5,10,4.03
maize,kharif,4.31,6.73,74,52,89,21.7,108,4.27
maize,kharif,1.87,7.26,123,54,42,32.1,198,4.65
maize,kharif,0.35,6.24,153,81,31,27.6,190,4.43
paddy,kharif,4.14,6.27,86,52,58,25.0,325,4.44
wheat,kharif,2.06,6.23,162,51,57,24.2,100,3.61
maize,kharif,1.17,6.95,148,58,47,32.3,77,3.62
wheat,kharif,0.95,7.0,50,52,31,24.3,76,2.36
pulses,rabi,4.8,6.42,127,68,56,22.7,85,1.57
wheat,kharif,3.54,6.85,109,52,55,19.9,271,3.21
maize,kharif,0.44,7.31,141,35,80,30.0,106,3.38
wheat,kharif,4.87,7.3,83,86,26,20.9,166,3.54
pulses,kharif,2.98,6.93,125,34,28,29.1,185,1.2
paddy,kharif,0.97,6.46,63,88,75,27.0,176,4.34
paddy,kharif,2.12,5.83,107,42,43,32.9,204,4.12
wheat,rabi,1.6,6.73,115,27,63,23.1,142,3.17
wheat,kharif,4.82,6.87,28,53,81,22.0,271,2.98
maize,kharif,4.74,6.55,113,43,61,22.6,294,5.44
maize,kharif,0.98,5.23,59,83,44,24.9,252,4.65
maize,kharif,3.95,6.54,91,51,66,26.6,370,4.9
paddy,kharif,3.48,6.76,88,65,70,28.1,392,4.93
wheat,kharif,1.95,7.38,66,80,45,20.3,244,3.72
paddy,kharif,2.79,6.55,104,72,111,29.3,141,4.01
paddy,kharif,3.63,6.73,123,53,89,25.8,190,4.55
wheat,rabi,0.42,7.03,90,73,73,26.5,10,2.43
paddy,kharif,2.54,6.75,141,51,53,24.8,158,4.04
maize,kharif,0.6,6.36,101,88,54,27.0,153,4.36
paddy,kharif,1.38,5.9,115,76,33,26.4,90,3.78
paddy,kharif,2.89,6.48,153,66,48,28.5,133,4.56
paddy,kharif,3.75,6.59,106,68,72,29.4,175,4.7
paddy,kharif,3.09,4.9,107,47,65,22.1,148,3.64
wheat,rabi,1.7,6.22,109,68,74,22.3,10,2.92
maize,kharif,3.55,6.41,98,58,44,20.4,241,4.7
pulses,kharif,3.11,6.8,97,45,61,26.7,207,1.7
maize,kharif,4.12,6.74,116,61,85,24.1,302,4.52
paddy,kharif,4.99,6.35,159,67,46,26.9,290,4.99
wheat,rabi,2.67,6.6,94,95,63,21.8,135,3.37
paddy,kharif,3.76,6.27,141,83,48,25.3,245,4.37
wheat,rabi,3.61,5.52,70,60,32,21.1,10,3.05
paddy,kharif,4.82,5.96,78,63,45,27.1,344,4.13
paddy,kharif,2.93,7.07,12,53,59,26.0,269,4.31
wheat,kharif,1.19,5.79,148,62,52,20.8,197,3.64
paddy,kharif,2.9,6.11,73,47,42,26.7,234,4.22
paddy,kharif,1.87,6.73,110,72,70,27.5,213,4.24
paddy,kharif,3.02,6.89,109,52,56,27.5,303,5.43
paddy,kharif,3.18,6.81,130,46,41,27.8,264,4.06
pulses,rabi,3.82,7.21,67,95,36,19.9,35,0.33
paddy,kharif,3.29,6.4,84,66,55,31.3,185,3.94
paddy,kharif,0.97,5.87,69,67,33,32.2,212,3.99
paddy,kharif,2.98,6.5,89,62,34,23.1,110,3.91
paddy,kharif,4.08,6.04,127,58,45,29.2,194,4.2
wheat,rabi,0.35,6.42,97,40,61,19.6,10,2.81
wheat,kharif,4.82,6.21,129,24,71,16.4,86,2.86
pulses,rabi,4.78,6.85,120,32,62,24.4,10,1.11
paddy,kharif,4.61,5.53,112,46,53,28.9,110,3.95
wheat,kharif,3.44,6.42,86,60,55,20.2,327,3.78
paddy,kharif,3.24,5.99,96,55,41,29.2,159,4.02
maize,kharif,0.78,6.17,47,36,71,30.0,145,4.4
paddy,kharif,2.73,6.37,115,73,65,26.0,186,4.94
wheat,rabi,1.07,6.93,126,64,61,24.7,97,3.28
paddy,kharif,4.73,6.47,100,100,36,30.9,130,4.22
paddy,kharif,0.45,6.14,109,47,73,26.4,252,4.04
maize,kharif,3.97,5.72,155,37,44,27.2,153,3.97
paddy,kharif,1.74,6.4,103,70,66,25.5,173,4.16
paddy,kharif,4.34,7.51,87,59,42,24.1,130,3.33
paddy,kharif,3.43,5.91,80,70,48,25.3,168,4.23
maize,kharif,1.47,5.78,75,40,79,27.6,131,3.94
pulses,rabi,2.76,6.36,172,78,79,28.0,10,1.72
paddy,kharif,4.8,6.7,117,61,86,23.7,347,4.38
wheat,rabi,1.09,5.67,129,44,62,25.4,10,2.66
paddy,kharif,0.51,7.79,133,56,50,27.9,210,4.05
maize,kharif,3.14,6.02,121,42,70,26.0,53,4.12
paddy,kharif,4.26,6.38,165,76,44,21.9,139,3.79
paddy,kharif,1.4,6.97,101,57,59,31.3,224,3.98
wheat,rabi,1.07,5.09,129,61,61,20.8,10,2.6
maize,kharif,3.39,6.38,138,58,52,26.6,91,4.48
wheat,kharif,2.3,5.49,104,84,58,23.9,388,3.62
wheat,kharif,1.4,6.18,93,74,75,17.1,134,3.02
maize,kharif,0.72,7.85,96,53,68,24.0,188,3.95
paddy,kharif,2.68,6.41,148,60,41,27.2,32,3.62
paddy,kharif,0.42,6.96,50,56,52,30.9,253,4.38
wheat,rabi,3.5,7.17,78,43,71,17.5,85,2.82
paddy,kharif,2.03,6.53,125,50,49,29.4,197,4.38
pulses,rabi,4.58,6.26,58,59,69,28.5,48,1.38
paddy,kharif,3.61,6.99,157,57,40,30.0,262,5.1
wheat,rabi,1.22,6.81,116,39,64,20.3,56,3.09
paddy,kharif,1.42,6.97,28,62,78,33.6,258,4.53
wheat,kharif,0.94,6.5,86,52,43,23.6,200,3.39
paddy,kharif,4.64,6.22,125,71,43,24.1,276,3.99
paddy,kharif,1.9,7.31,132,70,93,21.0,162,4.18
pulses,rabi,2.96,6.48,113,55,52,24.4,61,1.09
maize,kharif,4.62,7.05,76,34,59,34.7,301,3.97
maize,kharif,1.73,5.82,151,57,58,26.1,291,4.56
wheat,kharif,0.72,6.35,145,68,75,23.9,392,3.75
maize,kharif,0.36,6.98,108,85,52,30.2,247,4.58
paddy,kharif,1.57,6.68,103,49,54,23.0,267,3.89
paddy,kharif,0.37,6.92,56,58,66,28.2,307,4.06
wheat,kharif,3.47,6.23,57,57,78,18.2,386,3.18
paddy,kharif,4.89,6.52,105,37,102,26.5,160,4.57
paddy,kharif,4.93,5.9,116,31,73,23.1,135,3.83
paddy,kharif,0.26,7.26,131,69,41,33.1,135,4.46
paddy,kharif,1.6,7.02,17,57,76,30.8,102,3.53
paddy,kharif,2.51,5.56,143,77,52,29.6,182,4.37
pulses,kharif,1.73,5.59,106,56,64,24.1,350,1.69
maize,kharif,1.47,7.0,127,66,71,20.5,57,3.87
pulses,kharif,0.98,6.51,127,41,59,22.0,230,1.23
pulses,rabi,2.71,6.95,116,35,49,21.5,10,0.89
wheat,rabi,4.82,6.8,109,55,43,20.7,10,2.66
paddy,kharif,2.06,8.03,69,58,38,26.8,172,3.9
pulses,kharif,4.81,5.8,90,54,61,27.7,181,1.45
maize,kharif,2.87,6.15,132,79,57,22.9,198,4.63
maize,kharif,4.08,6.78,124,54,35,27.4,138,4.48
wheat,kharif,4.37,6.54,125,69,61,16.1,302,3.78
pulses,rabi,3.33,6.84,95,72,33,22.9,10,0.65
paddy,kharif,4.33,6.62,90,56,67,23.3,154,4.41
paddy,kharif,0.63,6.51,118,50,61,29.8,356,4.61
pulses,rabi,0.71,6.23,70,63,76,27.1,32,0.74
paddy,kharif,4.16,5.88,102,54,49,28.7,235,4.49
maize,kharif,2.49,6.63,94,87,88,32.0,124,4.4
paddy,kharif,3.77,6.32,148,60,61,23.4,251,4.42
maize,kharif,4.49,6.59,108,71,57,21.6,245,4.33
paddy,kharif,3.72,6.64,107,28,54,31.5,163,4.1
paddy,kharif,2.98,7.01,26,86,69,35.4,137,3.05
paddy,kharif,4.62,6.83,142,58,56,29.6,179,4.34
wheat,rabi,2.93,6.42,45,57,48,21.6,10,2.77
wheat,rabi,3.58,7.11,80,60,74,24.7,103,3.09
maize,kharif,3.6,6.71,54,52,70,24.1,329,4.43
maize,kharif,1.81,6.41,115,73,37,25.1,266,4.78
paddy,kharif,1.82,5.65,133,72,57,29.2,259,4.28
pulses,rabi,1.72,5.92,104,56,66,26.0,10,1.44
pulses,rabi,0.52,5.7,88,67,64,27.8,84,1.83
maize,kharif,4.29,5.97,88,45,61,29.8,323,4.62
pulses,rabi,4.25,7.03,54,48,67,25.7,24,0.54
paddy,kharif,1.67,6.51,85,41,47,29.2,227,4.19
pulses,rabi,1.38,5.81,83,70,48,23.0,52,1.63
maize,kharif,0.83,6.68,57,43,22,31.2,322,4.41
wheat,kharif,2.2,7.4,113,51,33,26.1,194,2.64
paddy,kharif,1.98,6.43,116,52,71,28.2,284,4.54
wheat,rabi,4.66,6.05,79,56,34,22.9,10,2.8
maize,kharif,2.81,6.8,179,43,57,23.8,130,4.27
wheat,rabi,2.53,6.71,79,54,47,24.4,10,2.36
maize,kharif,2.29,7.12,151,67,58,28.4,108,3.79
maize,kharif,2.91,6.47,113,63,74,28.5,215,4.6
maize,kharif,1.68,6.4,188,62,66,23.9,281,5.25
wheat,rabi,3.3,7.02,148,64,58,24.7,10,2.76
wheat,rabi,1.21,6.02,95,56,60,21.0,34,2.91
paddy,kharif,4.84,7.04,46,56,52,29.3,83,3.54
paddy,kharif,3.16,6.67,74,52,73,24.4,193,4.08
paddy,kharif,2.57,6.29,123,48,67,30.6,152,4.25
pulses,rabi,3.17,7.02,93,23,86,23.6,20,1.42
pulses,kharif,1.15,5.68,105,65,64,24.6,201,1.0
maize,kharif,0.28,7.49,110,45,59,25.0,234,4.41
paddy,kharif,2.95,6.63,151,61,72,31.0,221,4.39
pulses,rabi,4.88,6.76,132,53,56,25.6,35,1.66
pulses,kharif,1.42,5.81,130,49,54,31.5,280,1.87
maize,kharif,3.9,7.5,134,48,38,27.7,195,3.97
paddy,kharif,0.28,6.77,123,50,69,26.5,165,4.09
paddy,kharif,3.34,7.19,163,48,16,31.1,172,3.96
pulses,rabi,3.33,7.15,114,79,67,25.1,10,1.26
paddy,kharif,3.51,6.37,115,68,54,24.6,135,4.0
paddy,kharif,4.25,5.82,92,54,71,26.4,165,3.59
paddy,kharif,3.89,6.17,102,76,44,25.5,300,4.4
maize,kharif,1.12,6.48,99,72,77,29.3,105,4.7
wheat,rabi,2.12,6.92,126,56,72,22.4,10,2.83
wheat,kharif,2.64,5.81,135,52,83,17.8,185,3.18
paddy,kharif,4.08,7.39,114,48,32,22.8,157,3.55
pulses,kharif,3.85,7.01,158,31,47,23.4,211,1.36
paddy,kharif,4.42,6.44,157,59,66,25.7,90,4.0
wheat,rabi,2.32,6.64,80,73,39,17.3,10,3.29
wheat,rabi,1.63,5.68,112,62,71,24.7,24,2.98
paddy,kharif,3.55,6.25,123,65,61,30.4,74,3.72
paddy,kharif,1.31,6.3,98,79,62,31.1,224,4.27
maize,kharif,2.39,7.1,106,35,34,25.0,12,4.26
paddy,kharif,0.34,5.95,140,43,44,25.7,209,4.46
wheat,kharif,2.53,6.5,140,49,32,20.0,135,3.26
maize,kharif,2.75,6.81,161,34,40,23.6,261,4.67
paddy,kharif,2.46,6.98,109,47,64,27.3,180,4.05
paddy,kharif,2.89,7.02,150,66,52,31.1,237,5.31
paddy,kharif,3.15,6.65,107,56,64,29.6,292,4.69
paddy,kharif,1.01,5.84,159,51,74,28.8,224,4.56
paddy,kharif,3.61,7.36,113,76,80,26.8,233,4.36
pulses,rabi,0.33,6.25,100,57,91,20.5,80,1.08
paddy,kharif,1.47,6.83,131,62,76,31.8,265,4.4
pulses,rabi,1.09,6.09,62,29,61,26.9,10,1.25
maize,kharif,4.02,6.69,78,66,70,24.4,84,4.1
wheat,kharif,2.53,7.36,46,62,81,19.3,187,2.95
paddy,kharif,4.7,5.85,106,67,56,25.0,282,4.49
pulses,rabi,4.37,6.02,126,64,71,25.0,10,1.44
pulses,rabi,3.01,6.22,140,49,72,19.0,10,0.9
paddy,kharif,4.79,6.84,141,49,54,28.4,81,3.96
wheat,kharif,2.28,6.42,113,68,71,20.3,322,4.22
maize,kharif,0.79,5.99,100,60,33,27.5,302,4.78
maize,kharif,0.46,6.65,105,66,69,29.3,109,4.35
paddy,kharif,3.23,6.93,139,80,66,27.7,179,3.91
wheat,rabi,0.36,6.84,72,46,83,22.9,10,2.79
pulses,kharif,2.9,5.77,159,74,57,22.4,284,1.99
paddy,kharif,2.7,8.06,110,48,44,33.3,267,4.36
maize,kharif,4.82,6.08,114,64,80,27.0,149,4.51
wheat,rabi,0.52,6.31,102,72,80,23.6,194,3.75
maize,kharif,4.67,5.86,138,23,51,26.1,136,4.16
maize,kharif,1.97,6.16,95,40,70,25.3,42,3.98
maize,kharif,3.68,6.46,98,89,60,28.2,156,4.72
wheat,kharif,2.38,5.9,91,78,50,24.2,321,3.52
pulses,rabi,3.83,6.88,165,50,45,22.9,119,1.85
paddy,kharif,4.82,6.16,126,58,62,26.4,281,4.61
wheat,kharif,4.45,6.76,123,46,65,24.4,292,3.84
wheat,kharif,1.51,6.59,106,43,43,15.7,10,2.65
wheat,kharif,3.63,6.01,114,38,40,18.4,181,3.21
pulses,kharif,0.4,6.52,77,39,37,27.9,172,1.0
pulses,rabi,2.91,7.33,92,70,76,23.1,46,1.13
paddy,kharif,3.49,5.84,126,52,65,30.8,253,4.55
maize,kharif,2.57,7.25,108,62,73,24.5,93,4.2
wheat,kharif,2.85,7.22,61,75,21,20.8,347,3.26
pulses,kharif,2.35,5.64,112,60,87,22.3,169,1.11
maize,kharif,1.23,6.51,93,52,51,24.6,98,4.09
paddy,kharif,1.86,6.58,117,51,57,34.5,369,4.07
paddy,kharif,4.79,7.03,98,63,89,28.0,256,4.64
paddy,kharif,3.6,6.08,150,51,52,24.7,126,3.94
paddy,kharif,3.45,6.25,133,66,49,26.6,181,4.79
paddy,kharif,3.4,5.94,65,64,63,31.8,283,4.93
paddy,kharif,2.7,5.85,130,61,69,24.6,228,4.36
pulses,kharif,3.45,7.53,76,70,16,28.0,50,0.72
paddy,kharif,1.56,6.92,54,54,52,32.7,234,3.71
paddy,kharif,1.77,6.86,82,55,56,26.4,63,3.51
paddy,kharif,3.52,6.45,114,93,60,31.3,152,4.24
pulses,rabi,1.09,6.4,136,47,60,28.1,10,1.63
paddy,kharif,4.44,5.5,98,65,86,29.7,290,4.0
wheat,rabi,3.57,6.98,131,64,55,19.0,182,3.64
paddy,kharif,4.71,6.52,114,65,71,25.7,82,4.04
wheat,kharif,0.28,6.25,124,89,30,28.8,181,3.4
paddy,kharif,0.98,6.52,108,30,61,30.5,181,4.66
paddy,kharif,0.95,7.3,111,60,61,28.2,10,3.58
paddy,kharif,2.51,7.29,135,56,44,26.0,355,4.15
